"Path","Name","Scripts","Dependencies","DevDependencies","Framework"
"C:\Users\tommy\workspace\tee-time-brs\node_modules\@mongodb-js\saslprep\package.json","@mongodb-js/saslprep","gen-code-points,bootstrap,prepublishOnly,compile,typecheck,eslint,prettier,lint,depcheck,check,check-ci,test,test-cov,test-watch,test-ci,reformat","sparse-bitfield","@mongodb-js/eslint-config-devtools,@mongodb-js/mocha-config-devtools,@mongodb-js/prettier-config-devtools,@mongodb-js/tsconfig-devtools,@types/chai,@types/mocha,@types/node,@types/sinon-chai,@types/sparse-bitfield,chai,depcheck,eslint,gen-esm-wrapper,mocha,nyc,prettier,sinon,typescript",""
"C:\Users\tommy\workspace\tee-time-brs\node_modules\@react-email\render\package.json","@react-email/render","build,clean,dev,test,test:watch","html-to-text,prettier,react-promise-suspense","@edge-runtime/vm,@types/html-to-text,@types/prettier,@types/react,@types/react-dom,jsdom,tsup,typescript,tsconfig",""
"C:\Users\tommy\workspace\tee-time-brs\node_modules\@selderee\plugin-htmlparser2\package.json","@selderee/plugin-htmlparser2","build:rollup,build:types,build,clean","domhandler,selderee","htmlparser2",""
"C:\Users\tommy\workspace\tee-time-brs\node_modules\@types\webidl-conversions\package.json","@types/webidl-conversions","","","",""
"C:\Users\tommy\workspace\tee-time-brs\node_modules\@types\whatwg-url\package.json","@types/whatwg-url","","@types/webidl-conversions","",""
"C:\Users\tommy\workspace\tee-time-brs\node_modules\accepts\package.json","accepts","lint,test,test-ci,test-cov","mime-types,negotiator","deep-equal,eslint,eslint-config-standard,eslint-plugin-import,eslint-plugin-markdown,eslint-plugin-node,eslint-plugin-promise,eslint-plugin-standard,mocha,nyc",""
"C:\Users\tommy\workspace\tee-time-brs\node_modules\anymatch\package.json","anymatch","test,mocha","normalize-path,picomatch","mocha,nyc",""
"C:\Users\tommy\workspace\tee-time-brs\node_modules\array-flatten\package.json","array-flatten","test","","istanbul,mocha,pre-commit,standard",""
"C:\Users\tommy\workspace\tee-time-brs\node_modules\balanced-match\package.json","balanced-match","test,bench","","matcha,tape",""
"C:\Users\tommy\workspace\tee-time-brs\node_modules\binary-extensions\package.json","binary-extensions","test","","ava,tsd,xo",""
"C:\Users\tommy\workspace\tee-time-brs\node_modules\body-parser\package.json","body-parser","lint,test,test-ci,test-cov","bytes,content-type,debug,depd,destroy,http-errors,iconv-lite,on-finished,qs,raw-body,type-is,unpipe","eslint,eslint-config-standard,eslint-plugin-import,eslint-plugin-markdown,eslint-plugin-node,eslint-plugin-promise,eslint-plugin-standard,methods,mocha,nyc,safe-buffer,supertest",""
"C:\Users\tommy\workspace\tee-time-brs\node_modules\brace-expansion\package.json","brace-expansion","test,gentest,bench","balanced-match,concat-map","matcha,tape",""
"C:\Users\tommy\workspace\tee-time-brs\node_modules\braces\package.json","braces","test,benchmark","fill-range","ansi-colors,bash-path,gulp-format-md,mocha",""
"C:\Users\tommy\workspace\tee-time-brs\node_modules\bson\package.json","bson","pretest,test,check:node,check:tsd,check:web,check:web-no-bigint,check:granular-bench,check:spec-bench,check:custom-bench,check:baseline-bench,build:bench,build:ts,build:dts,build:bundle,build,check:lint,format,check:coverage,prepare,release","","@istanbuljs/nyc-config-typescript,@microsoft/api-extractor,@rollup/plugin-node-resolve,@rollup/plugin-typescript,@types/chai,@types/mocha,@types/node,@types/sinon,@types/sinon-chai,@typescript-eslint/eslint-plugin,@typescript-eslint/parser,benchmark,chai,chalk,dbx-js-tools,eslint,eslint-config-prettier,eslint-plugin-no-bigint-usage,eslint-plugin-prettier,eslint-plugin-tsdoc,magic-string,mocha,node-fetch,nyc,prettier,rollup,sinon,sinon-chai,source-map-support,tar,ts-node,tsd,typescript,typescript-cached-transpile,uuid",""
"C:\Users\tommy\workspace\tee-time-brs\node_modules\bson\vendor\base64\package.json","base-64","test,build","","coveralls,grunt,grunt-cli,grunt-shell,grunt-template,istanbul,mocha,regenerate",""
"C:\Users\tommy\workspace\tee-time-brs\node_modules\bson\vendor\text-encoding\package.json","text-encoding","","","",""
"C:\Users\tommy\workspace\tee-time-brs\node_modules\bytes\package.json","bytes","lint,test,test-ci,test-cov","","eslint,eslint-plugin-markdown,mocha,nyc",""
"C:\Users\tommy\workspace\tee-time-brs\node_modules\call-bind-apply-helpers\package.json","call-bind-apply-helpers","prepack,prepublish,prepublishOnly,prelint,lint,postlint,pretest,tests-only,test,posttest,version,postversion","es-errors,function-bind","@arethetypeswrong/cli,@ljharb/eslint-config,@ljharb/tsconfig,@types/for-each,@types/function-bind,@types/object-inspect,@types/tape,auto-changelog,encoding,es-value-fixtures,eslint,evalmd,for-each,has-strict-mode,in-publish,npmignore,nyc,object-inspect,safe-publish-latest,tape,typescript",""
"C:\Users\tommy\workspace\tee-time-brs\node_modules\call-bound\package.json","call-bound","prepack,prepublish,prepublishOnly,prelint,lint,postlint,pretest,tests-only,test,posttest,version,postversion","call-bind-apply-helpers,get-intrinsic","@arethetypeswrong/cli,@ljharb/eslint-config,@ljharb/tsconfig,@types/call-bind,@types/get-intrinsic,@types/tape,auto-changelog,encoding,es-value-fixtures,eslint,evalmd,for-each,gopd,has-strict-mode,in-publish,npmignore,nyc,object-inspect,safe-publish-latest,tape,typescript",""
"C:\Users\tommy\workspace\tee-time-brs\node_modules\chokidar\package.json","chokidar","dtslint,lint,build,mocha,test","anymatch,braces,glob-parent,is-binary-path,is-glob,normalize-path,readdirp","@types/node,chai,dtslint,eslint,mocha,rimraf,sinon,sinon-chai,typescript,upath",""
"C:\Users\tommy\workspace\tee-time-brs\node_modules\concat-map\package.json","concat-map","test","","tape",""
"C:\Users\tommy\workspace\tee-time-brs\node_modules\content-disposition\package.json","content-disposition","lint,test,test-ci,test-cov","safe-buffer","deep-equal,eslint,eslint-config-standard,eslint-plugin-import,eslint-plugin-markdown,eslint-plugin-node,eslint-plugin-promise,eslint-plugin-standard,istanbul,mocha",""
"C:\Users\tommy\workspace\tee-time-brs\node_modules\content-type\package.json","content-type","lint,test,test-ci,test-cov,version","","deep-equal,eslint,eslint-config-standard,eslint-plugin-import,eslint-plugin-node,eslint-plugin-promise,eslint-plugin-standard,mocha,nyc",""
"C:\Users\tommy\workspace\tee-time-brs\node_modules\cookie\package.json","cookie","bench,lint,test,test-ci,test-cov,update-bench","","beautify-benchmark,benchmark,eslint,eslint-plugin-markdown,mocha,nyc,safe-buffer,top-sites",""
"C:\Users\tommy\workspace\tee-time-brs\node_modules\cookie-signature\package.json","cookie-signature","test","","mocha,should",""
"C:\Users\tommy\workspace\tee-time-brs\node_modules\cors\package.json","cors","test,lint","object-assign,vary","after,eslint,express,mocha,nyc,supertest","express"
"C:\Users\tommy\workspace\tee-time-brs\node_modules\debug\package.json","debug","","ms","browserify,chai,concurrently,coveralls,eslint,istanbul,karma,karma-chai,karma-mocha,karma-phantomjs-launcher,karma-sinon,mocha,mocha-lcov-reporter,rimraf,sinon,sinon-chai",""
"C:\Users\tommy\workspace\tee-time-brs\node_modules\deepmerge\package.json","deepmerge","build,test,test:typescript,size","","@types/node,is-mergeable-object,is-plain-object,jsmd,rollup,rollup-plugin-commonjs,rollup-plugin-node-resolve,tape,ts-node,typescript,uglify-js",""
"C:\Users\tommy\workspace\tee-time-brs\node_modules\depd\package.json","depd","bench,lint,test,test-ci,test-cov","","benchmark,beautify-benchmark,eslint,eslint-config-standard,eslint-plugin-import,eslint-plugin-markdown,eslint-plugin-node,eslint-plugin-promise,eslint-plugin-standard,istanbul,mocha,safe-buffer,uid-safe",""
"C:\Users\tommy\workspace\tee-time-brs\node_modules\destroy\package.json","destroy","lint,test,test-ci,test-cov","","eslint,eslint-config-standard,eslint-plugin-import,eslint-plugin-node,eslint-plugin-promise,eslint-plugin-standard,mocha,nyc",""
"C:\Users\tommy\workspace\tee-time-brs\node_modules\domelementtype\lib\esm\package.json",,"","","",""
"C:\Users\tommy\workspace\tee-time-brs\node_modules\domelementtype\package.json","domelementtype","test,lint,format,build,build:cjs,build:esm,prepare","","@typescript-eslint/eslint-plugin,@typescript-eslint/parser,eslint,eslint-config-prettier,prettier,typescript",""
"C:\Users\tommy\workspace\tee-time-brs\node_modules\domhandler\lib\esm\package.json",,"","","",""
"C:\Users\tommy\workspace\tee-time-brs\node_modules\domhandler\package.json","domhandler","test,test:jest,lint,lint:es,lint:prettier,format,format:es,format:prettier,prettier,build,build:cjs,build:esm,prepare","domelementtype","@types/jest,@types/node,@typescript-eslint/eslint-plugin,@typescript-eslint/parser,eslint,eslint-config-prettier,htmlparser2,jest,prettier,ts-jest,typescript",""
"C:\Users\tommy\workspace\tee-time-brs\node_modules\dom-serializer\lib\esm\package.json",,"","","",""
"C:\Users\tommy\workspace\tee-time-brs\node_modules\dom-serializer\package.json","dom-serializer","test,test:jest,lint,lint:es,lint:prettier,format,format:es,format:prettier,prettier,build,build:cjs,build:esm,prepare","domelementtype,domhandler,entities","@types/jest,@types/node,@typescript-eslint/eslint-plugin,@typescript-eslint/parser,cheerio,eslint,eslint-config-prettier,htmlparser2,jest,prettier,ts-jest,typescript",""
"C:\Users\tommy\workspace\tee-time-brs\node_modules\domutils\lib\esm\package.json",,"","","",""
"C:\Users\tommy\workspace\tee-time-brs\node_modules\domutils\package.json","domutils","test,test:jest,lint,lint:es,lint:prettier,format,format:es,format:prettier,prettier,build,build:cjs,build:esm,build:docs,prepare","dom-serializer,domelementtype,domhandler","@types/jest,@types/node,@typescript-eslint/eslint-plugin,@typescript-eslint/parser,eslint,eslint-config-prettier,eslint-plugin-jsdoc,htmlparser2,jest,prettier,ts-jest,typedoc,typescript",""
"C:\Users\tommy\workspace\tee-time-brs\node_modules\dotenv\package.json","dotenv","dts-check,lint,pretest,test,test:coverage,prerelease,release","","@types/node,decache,sinon,standard,standard-version,tap,typescript",""
"C:\Users\tommy\workspace\tee-time-brs\node_modules\dunder-proto\package.json","dunder-proto","prepack,prepublish,prepublishOnly,prelint,lint,postlint,pretest,tests-only,test,posttest,version,postversion","call-bind-apply-helpers,es-errors,gopd","@arethetypeswrong/cli,@ljharb/eslint-config,@ljharb/tsconfig,@types/tape,auto-changelog,encoding,eslint,evalmd,in-publish,npmignore,nyc,safe-publish-latest,tape,typescript",""
"C:\Users\tommy\workspace\tee-time-brs\node_modules\ee-first\package.json","ee-first","test,test-cov,test-travis","","istanbul,mocha",""
"C:\Users\tommy\workspace\tee-time-brs\node_modules\encodeurl\package.json","encodeurl","lint,test,test-cov,test-travis","","eslint,eslint-config-standard,eslint-plugin-import,eslint-plugin-node,eslint-plugin-promise,eslint-plugin-standard,istanbul,mocha",""
"C:\Users\tommy\workspace\tee-time-brs\node_modules\entities\lib\esm\package.json",,"","","",""
"C:\Users\tommy\workspace\tee-time-brs\node_modules\entities\package.json","entities","test,test:jest,lint,lint:es,lint:prettier,format,format:es,format:prettier,prettier,build,build:cjs,build:esm,build:docs,build:trie,build:encode-trie,prepare","","@types/jest,@types/node,@typescript-eslint/eslint-plugin,@typescript-eslint/parser,eslint,eslint-config-prettier,eslint-plugin-node,jest,prettier,ts-jest,typedoc,typescript",""
"C:\Users\tommy\workspace\tee-time-brs\node_modules\escape-html\package.json","escape-html","bench","","benchmark,beautify-benchmark",""
"C:\Users\tommy\workspace\tee-time-brs\node_modules\es-define-property\package.json","es-define-property","prepack,prepublish,prepublishOnly,prelint,lint,postlint,pretest,tests-only,test,posttest,version,postversion","","@ljharb/eslint-config,@ljharb/tsconfig,@types/gopd,@types/tape,auto-changelog,encoding,eslint,evalmd,gopd,in-publish,npmignore,nyc,safe-publish-latest,tape,typescript",""
"C:\Users\tommy\workspace\tee-time-brs\node_modules\es-errors\package.json","es-errors","prepack,prepublishOnly,prepublish,pretest,test,tests-only,posttest,prelint,lint,postlint,version,postversion","","@ljharb/eslint-config,@types/tape,aud,auto-changelog,eclint,eslint,evalmd,in-publish,npmignore,nyc,safe-publish-latest,tape,typescript",""
"C:\Users\tommy\workspace\tee-time-brs\node_modules\es-object-atoms\package.json","es-object-atoms","prepack,prepublishOnly,prepublish,pretest,test,tests-only,posttest,prelint,lint,postlint,version,postversion","es-errors","@ljharb/eslint-config,@ljharb/tsconfig,@types/tape,auto-changelog,eclint,encoding,eslint,evalmd,in-publish,npmignore,nyc,safe-publish-latest,tape,typescript",""
"C:\Users\tommy\workspace\tee-time-brs\node_modules\etag\package.json","etag","bench,lint,test,test-cov,test-travis","","beautify-benchmark,benchmark,eslint,eslint-config-standard,eslint-plugin-import,eslint-plugin-markdown,eslint-plugin-node,eslint-plugin-promise,eslint-plugin-standard,istanbul,mocha,safe-buffer,seedrandom",""
"C:\Users\tommy\workspace\tee-time-brs\node_modules\express\package.json","express","lint,test,test-ci,test-cov,test-tap","accepts,array-flatten,body-parser,content-disposition,content-type,cookie,cookie-signature,debug,depd,encodeurl,escape-html,etag,finalhandler,fresh,http-errors,merge-descriptors,methods,on-finished,parseurl,path-to-regexp,proxy-addr,qs,range-parser,safe-buffer,send,serve-static,setprototypeof,statuses,type-is,utils-merge,vary","after,connect-redis,cookie-parser,cookie-session,ejs,eslint,express-session,hbs,marked,method-override,mocha,morgan,nyc,pbkdf2-password,supertest,vhost",""
"C:\Users\tommy\workspace\tee-time-brs\node_modules\express-rate-limit\package.json","express-rate-limit","clean,build:cjs,build:esm,build:types,compile,docs,lint:code,lint:rest,lint,format:code,format:rest,format,test:lib,test:ext,test,pre-commit,prepare","","@express-rate-limit/prettier,@express-rate-limit/tsconfig,@jest/globals,@types/express,@types/jest,@types/node,@types/supertest,del-cli,dts-bundle-generator,esbuild,express,husky,jest,lint-staged,mintlify,npm-run-all,ratelimit-header-parser,supertest,ts-jest,ts-node,typescript,xo","express"
"C:\Users\tommy\workspace\tee-time-brs\node_modules\fast-deep-equal\package.json","fast-deep-equal","eslint,test-spec,test-cov,test-ts,test","","benchmark,coveralls,deep-eql,deep-equal,eslint,lodash,mocha,nano-equal,nyc,pre-commit,ramda,shallow-equal-fuzzy,typescript,underscore",""
"C:\Users\tommy\workspace\tee-time-brs\node_modules\fill-range\package.json","fill-range","lint,mocha,test,test:ci,test:cover","to-regex-range","gulp-format-md,mocha,nyc",""
"C:\Users\tommy\workspace\tee-time-brs\node_modules\finalhandler\package.json","finalhandler","lint,test,test-ci,test-cov,test-inspect","debug,encodeurl,escape-html,on-finished,parseurl,statuses,unpipe","eslint,eslint-config-standard,eslint-plugin-import,eslint-plugin-markdown,eslint-plugin-node,eslint-plugin-promise,eslint-plugin-standard,mocha,nyc,readable-stream,safe-buffer,supertest",""
"C:\Users\tommy\workspace\tee-time-brs\node_modules\forwarded\package.json","forwarded","bench,lint,test,test-ci,test-cov,version","","beautify-benchmark,benchmark,deep-equal,eslint,eslint-config-standard,eslint-plugin-import,eslint-plugin-node,eslint-plugin-promise,eslint-plugin-standard,mocha,nyc",""
"C:\Users\tommy\workspace\tee-time-brs\node_modules\fresh\package.json","fresh","bench,lint,test,test-cov,test-travis","","beautify-benchmark,benchmark,eslint,eslint-config-standard,eslint-plugin-import,eslint-plugin-markdown,eslint-plugin-node,eslint-plugin-promise,eslint-plugin-standard,istanbul,mocha",""
"C:\Users\tommy\workspace\tee-time-brs\node_modules\function-bind\package.json","function-bind","prepublishOnly,prepublish,prepack,pretest,test,posttest,tests-only,lint,version,postversion","","@ljharb/eslint-config,aud,auto-changelog,eslint,in-publish,npmignore,nyc,safe-publish-latest,tape",""
"C:\Users\tommy\workspace\tee-time-brs\node_modules\get-intrinsic\package.json","get-intrinsic","prepack,prepublish,prepublishOnly,prelint,lint,pretest,tests-only,test,posttest,version,postversion","call-bind-apply-helpers,es-define-property,es-errors,es-object-atoms,function-bind,get-proto,gopd,has-symbols,hasown,math-intrinsics","@ljharb/eslint-config,auto-changelog,call-bound,encoding,es-abstract,es-value-fixtures,eslint,evalmd,for-each,make-async-function,make-async-generator-function,make-generator-function,mock-property,npmignore,nyc,object-inspect,safe-publish-latest,tape",""
"C:\Users\tommy\workspace\tee-time-brs\node_modules\get-proto\package.json","get-proto","prepack,prepublish,prepublishOnly,pretest,test,posttest,tests-only,prelint,lint,postlint,version,postversion","dunder-proto,es-object-atoms","@arethetypeswrong/cli,@ljharb/eslint-config,@ljharb/tsconfig,@types/tape,auto-changelog,eslint,evalmd,in-publish,npmignore,nyc,safe-publish-latest,tape,typescript",""
"C:\Users\tommy\workspace\tee-time-brs\node_modules\glob-parent\package.json","glob-parent","lint,pretest,test,azure-pipelines,coveralls","is-glob","coveralls,eslint,eslint-config-gulp,expect,mocha,nyc",""
"C:\Users\tommy\workspace\tee-time-brs\node_modules\gopd\package.json","gopd","prepack,prepublishOnly,prepublish,prelint,lint,postlint,pretest,tests-only,test,posttest,version,postversion","","@arethetypeswrong/cli,@ljharb/eslint-config,@ljharb/tsconfig,@types/tape,auto-changelog,encoding,eslint,evalmd,in-publish,npmignore,safe-publish-latest,tape,typescript",""
"C:\Users\tommy\workspace\tee-time-brs\node_modules\has-flag\package.json","has-flag","test","","ava,xo",""
"C:\Users\tommy\workspace\tee-time-brs\node_modules\hasown\package.json","hasown","prepack,prepublish,prepublishOnly,prelint,lint,postlint,pretest,tsc,posttsc,tests-only,test,posttest,version,postversion","function-bind","@arethetypeswrong/cli,@ljharb/eslint-config,@ljharb/tsconfig,@types/function-bind,@types/mock-property,@types/tape,aud,auto-changelog,eslint,evalmd,in-publish,mock-property,npmignore,nyc,safe-publish-latest,tape,typescript",""
"C:\Users\tommy\workspace\tee-time-brs\node_modules\has-symbols\package.json","has-symbols","prepack,prepublishOnly,prepublish,pretest,test,posttest,tests-only,test:stock,test:staging,test:shams,test:shams:corejs,test:shams:getownpropertysymbols,lint,postlint,version,postversion","","@arethetypeswrong/cli,@ljharb/eslint-config,@ljharb/tsconfig,@types/core-js,@types/tape,auto-changelog,core-js,encoding,eslint,get-own-property-symbols,in-publish,npmignore,nyc,safe-publish-latest,tape,typescript",""
"C:\Users\tommy\workspace\tee-time-brs\node_modules\htmlparser2\lib\esm\package.json",,"","","",""
"C:\Users\tommy\workspace\tee-time-brs\node_modules\htmlparser2\package.json","htmlparser2","test,test:jest,lint,lint:es,lint:prettier,format,format:es,format:prettier,format:prettier:raw,build,build:cjs,build:esm,prepare","domelementtype,domhandler,domutils,entities","@types/jest,@types/node,@typescript-eslint/eslint-plugin,@typescript-eslint/parser,eslint,eslint-config-prettier,eslint-plugin-n,eslint-plugin-unicorn,jest,prettier,ts-jest,typescript",""
"C:\Users\tommy\workspace\tee-time-brs\node_modules\html-to-text\package.json","html-to-text","build:rollup,build,clean,copy:license,cover,test","@selderee/plugin-htmlparser2,deepmerge,dom-serializer,htmlparser2,selderee","",""
"C:\Users\tommy\workspace\tee-time-brs\node_modules\http-errors\package.json","http-errors","lint,test,test-ci,test-cov,version","depd,inherits,setprototypeof,statuses,toidentifier","eslint,eslint-config-standard,eslint-plugin-import,eslint-plugin-markdown,eslint-plugin-node,eslint-plugin-promise,eslint-plugin-standard,mocha,nyc",""
"C:\Users\tommy\workspace\tee-time-brs\node_modules\iconv-lite\package.json","iconv-lite","coverage,coverage-open,test","safer-buffer","mocha,request,unorm,errto,async,istanbul,semver,iconv",""
"C:\Users\tommy\workspace\tee-time-brs\node_modules\ignore-by-default\package.json","ignore-by-default","test","","figures,standard",""
"C:\Users\tommy\workspace\tee-time-brs\node_modules\inherits\package.json","inherits","test","","tap",""
"C:\Users\tommy\workspace\tee-time-brs\node_modules\ipaddr.js\package.json","ipaddr.js","test","","coffee-script,nodeunit,uglify-js",""
"C:\Users\tommy\workspace\tee-time-brs\node_modules\is-binary-path\package.json","is-binary-path","test","binary-extensions","ava,tsd,xo",""
"C:\Users\tommy\workspace\tee-time-brs\node_modules\is-extglob\package.json","is-extglob","test","","gulp-format-md,mocha",""
"C:\Users\tommy\workspace\tee-time-brs\node_modules\is-glob\package.json","is-glob","test","is-extglob","gulp-format-md,mocha",""
"C:\Users\tommy\workspace\tee-time-brs\node_modules\is-number\package.json","is-number","test","","ansi,benchmark,gulp-format-md,mocha",""
"C:\Users\tommy\workspace\tee-time-brs\node_modules\kareem\package.json","kareem","lint,test,test-coverage,docs","","acquit,acquit-ignore,eslint,mocha,nyc",""
"C:\Users\tommy\workspace\tee-time-brs\node_modules\leac\package.json","leac","build:docs,build:deno,build:rollup,build:types,build,checkAll,clean,example:calc,example:json,lint:eslint,lint:md,lint,prepublishOnly,test,ts","","@rollup/plugin-typescript,@tsconfig/node14,@types/node,@typescript-eslint/eslint-plugin,@typescript-eslint/parser,ava,concurrently,denoify,eslint,eslint-plugin-jsonc,eslint-plugin-tsdoc,markdownlint-cli2,rimraf,rollup,rollup-plugin-terser,ts-node,tslib,typedoc,typedoc-plugin-markdown,typescript",""
"C:\Users\tommy\workspace\tee-time-brs\node_modules\math-intrinsics\package.json","math-intrinsics","prepack,prepublishOnly,prepublish,pretest,test,tests-only,posttest,prelint,lint,postlint,version,postversion","","@arethetypeswrong/cli,@ljharb/eslint-config,@ljharb/tsconfig,@types/for-each,@types/object-inspect,@types/tape,auto-changelog,eclint,es-value-fixtures,eslint,evalmd,for-each,in-publish,npmignore,nyc,object-inspect,safe-publish-latest,tape,typescript",""
"C:\Users\tommy\workspace\tee-time-brs\node_modules\media-typer\package.json","media-typer","test,test-cov,test-travis","","istanbul,mocha,should",""
"C:\Users\tommy\workspace\tee-time-brs\node_modules\memory-pager\package.json","memory-pager","test","","standard,tape",""
"C:\Users\tommy\workspace\tee-time-brs\node_modules\merge-descriptors\package.json","merge-descriptors","lint,test,test-cov","","eslint,eslint-config-standard,eslint-plugin-import,eslint-plugin-node,eslint-plugin-promise,eslint-plugin-standard,mocha,nyc",""
"C:\Users\tommy\workspace\tee-time-brs\node_modules\methods\package.json","methods","test,test-cov,test-travis","","istanbul,mocha",""
"C:\Users\tommy\workspace\tee-time-brs\node_modules\mime\package.json","mime","prepare,changelog,test","","github-release-notes,mime-db,mime-score",""
"C:\Users\tommy\workspace\tee-time-brs\node_modules\mime-db\package.json","mime-db","build,fetch,lint,test,test-ci,test-cov,update,version","","bluebird,co,cogent,csv-parse,eslint,eslint-config-standard,eslint-plugin-import,eslint-plugin-markdown,eslint-plugin-node,eslint-plugin-promise,eslint-plugin-standard,gnode,media-typer,mocha,nyc,raw-body,stream-to-array",""
"C:\Users\tommy\workspace\tee-time-brs\node_modules\mime-types\package.json","mime-types","lint,test,test-ci,test-cov","mime-db","eslint,eslint-config-standard,eslint-plugin-import,eslint-plugin-markdown,eslint-plugin-node,eslint-plugin-promise,eslint-plugin-standard,mocha,nyc",""
"C:\Users\tommy\workspace\tee-time-brs\node_modules\minimatch\package.json","minimatch","test,preversion,postversion,postpublish","brace-expansion","tap",""
"C:\Users\tommy\workspace\tee-time-brs\node_modules\mongodb\package.json","mongodb","build:evergreen,build:ts,build:dts,build:docs,build:typedoc,build:nightly,check:bench,check:coverage,check:integration-coverage,check:lambda,check:lambda:aws,check:lint,check:eslint,check:tsd,check:dependencies,check:dts,check:search-indexes,check:test,check:unit,check:ts,check:atlas,check:resource-management,check:drivers-atlas-testing,check:adl,check:aws,check:oidc-auth,check:oidc-test,check:oidc-azure,check:oidc-gcp,check:oidc-k8s,check:kerberos,check:tls,check:ldap,check:socks5,check:csfle,check:snappy,check:x509,fix:eslint,prepare,preview:docs,test,test:all,update:docs","@mongodb-js/saslprep,bson,mongodb-connection-string-url","@aws-sdk/credential-providers,@iarna/toml,@istanbuljs/nyc-config-typescript,@microsoft/api-extractor,@microsoft/tsdoc-config,@mongodb-js/zstd,@types/chai,@types/chai-subset,@types/express,@types/kerberos,@types/mocha,@types/node,@types/saslprep,@types/semver,@types/sinon,@types/sinon-chai,@types/whatwg-url,@typescript-eslint/eslint-plugin,@typescript-eslint/parser,chai,chai-subset,chalk,eslint,eslint-config-prettier,eslint-plugin-mocha,eslint-plugin-prettier,eslint-plugin-simple-import-sort,eslint-plugin-tsdoc,eslint-plugin-unused-imports,express,gcp-metadata,js-yaml,mocha,mocha-sinon,mongodb-client-encryption,mongodb-legacy,nyc,prettier,semver,sinon,sinon-chai,snappy,socks,source-map-support,ts-node,tsd,typescript,typescript-cached-transpile,v8-heapsnapshot,yargs","express"
"C:\Users\tommy\workspace\tee-time-brs\node_modules\mongodb-connection-string-url\package.json","mongodb-connection-string-url","lint,test,build,prepack,compile-ts","@types/whatwg-url,whatwg-url","@types/chai,@types/mocha,@types/node,@typescript-eslint/eslint-plugin,@typescript-eslint/parser,chai,eslint,eslint-config-semistandard,eslint-config-standard,eslint-plugin-import,eslint-plugin-node,eslint-plugin-promise,eslint-plugin-standard,gen-esm-wrapper,mocha,nyc,ts-node,typescript",""
"C:\Users\tommy\workspace\tee-time-brs\node_modules\mongoose\node_modules\ms\package.json","ms","precommit,lint,test","","eslint,expect.js,husky,lint-staged,mocha,prettier",""
"C:\Users\tommy\workspace\tee-time-brs\node_modules\mongoose\package.json","mongoose","docs:clean,docs:clean:stable,docs:clean:5x,docs:clean:6x,docs:copy:tmp,docs:copy:tmp:5x,docs:copy:tmp:6x,docs:generate,docs:generate:sponsorData,docs:test,docs:view,docs:prepare:publish:stable,docs:prepare:publish:5x,docs:prepare:publish:6x,docs:prepare:publish:7x,docs:check-links,lint,lint-js,lint-ts,lint-md,build-browser,prepublishOnly,release,release-5x,release-6x,mongo,publish-7x,create-separate-require-instance,test,test-deno,test-rs,test-tsd,setup-test-encryption,test-encryption,tdd,test-coverage,ts-benchmark,attest-benchmark","bson,kareem,mongodb,mpath,mquery,ms,sift","@ark/attest,@babel/core,@babel/preset-env,@mongodb-js/mongodb-downloader,@typescript-eslint/eslint-plugin,@typescript-eslint/parser,acquit,acquit-ignore,acquit-require,ajv,assert-browserify,babel-loader,broken-link-checker,buffer,cheerio,crypto-browserify,dox,eslint,eslint-plugin-markdown,eslint-plugin-mocha-no-only,express,fs-extra,highlight.js,lodash.isequal,lodash.isequalwith,markdownlint-cli2,marked,mkdirp,mocha,moment,mongodb-memory-server,mongodb-runner,ncp,nyc,pug,q,sinon,stream-browserify,tsd,typescript,uuid,webpack","express"
"C:\Users\tommy\workspace\tee-time-brs\node_modules\mpath\package.json","mpath","lint,test","","mocha,benchmark,eslint",""
"C:\Users\tommy\workspace\tee-time-brs\node_modules\mquery\node_modules\debug\package.json","debug","lint,test,test:node,test:browser,test:coverage","ms","brfs,browserify,coveralls,karma,karma-browserify,karma-chrome-launcher,karma-mocha,mocha,mocha-lcov-reporter,sinon,xo",""
"C:\Users\tommy\workspace\tee-time-brs\node_modules\mquery\node_modules\ms\package.json","ms","precommit,lint,test","","eslint,expect.js,husky,lint-staged,mocha,prettier",""
"C:\Users\tommy\workspace\tee-time-brs\node_modules\mquery\package.json","mquery","test,fix-lint,lint","debug","eslint,eslint-plugin-mocha-no-only,mocha,mongodb",""
"C:\Users\tommy\workspace\tee-time-brs\node_modules\ms\package.json","ms","precommit,lint,test","","eslint,expect.js,husky,lint-staged,mocha",""
"C:\Users\tommy\workspace\tee-time-brs\node_modules\negotiator\package.json","negotiator","lint,test,test-ci,test-cov","","eslint,eslint-plugin-markdown,mocha,nyc",""
"C:\Users\tommy\workspace\tee-time-brs\node_modules\nodemaster\package.json","nodemaster","test","express","","express"
"C:\Users\tommy\workspace\tee-time-brs\node_modules\nodemon\node_modules\debug\package.json","debug","lint,test,test:node,test:browser,test:coverage","ms","brfs,browserify,coveralls,karma,karma-browserify,karma-chrome-launcher,karma-mocha,mocha,mocha-lcov-reporter,sinon,xo",""
"C:\Users\tommy\workspace\tee-time-brs\node_modules\nodemon\node_modules\ms\package.json","ms","precommit,lint,test","","eslint,expect.js,husky,lint-staged,mocha,prettier",""
"C:\Users\tommy\workspace\tee-time-brs\node_modules\nodemon\package.json","nodemon","commitmsg,coverage,lint,test,spec,postspec,clean,web,semantic-release,prepush,killall","chokidar,debug,ignore-by-default,minimatch,pstree.remy,semver,simple-update-notifier,supports-color,touch,undefsafe","@commitlint/cli,@commitlint/config-conventional,async,coffee-script,eslint,husky,mocha,nyc,proxyquire,semantic-release,should",""
"C:\Users\tommy\workspace\tee-time-brs\node_modules\normalize-path\package.json","normalize-path","test","","gulp-format-md,minimist,mocha",""
"C:\Users\tommy\workspace\tee-time-brs\node_modules\object-assign\package.json","object-assign","test,bench","","ava,lodash,matcha,xo",""
"C:\Users\tommy\workspace\tee-time-brs\node_modules\object-inspect\package.json","object-inspect","prepack,prepublish,prepublishOnly,pretest,lint,postlint,test,tests-only,test:corejs,posttest,version,postversion","","@ljharb/eslint-config,@pkgjs/support,auto-changelog,core-js,error-cause,es-value-fixtures,eslint,for-each,functions-have-names,glob,globalthis,has-symbols,has-tostringtag,in-publish,jackspeak,make-arrow-function,mock-property,npmignore,nyc,safe-publish-latest,safer-buffer,semver,string.prototype.repeat,tape",""
"C:\Users\tommy\workspace\tee-time-brs\node_modules\on-finished\package.json","on-finished","lint,test,test-ci,test-cov","ee-first","eslint,eslint-config-standard,eslint-plugin-import,eslint-plugin-markdown,eslint-plugin-node,eslint-plugin-promise,eslint-plugin-standard,mocha,nyc",""
"C:\Users\tommy\workspace\tee-time-brs\node_modules\parseley\package.json","parseley","build:deno,build:docs,build:rollup,build:types,build,checkAll,clean,example,lint:eslint,lint:md,lint,prepublishOnly,test","leac,peberminta","@rollup/plugin-typescript,@tsconfig/node14,@types/node,@typescript-eslint/eslint-plugin,@typescript-eslint/parser,ava,denoify,eslint,eslint-plugin-jsonc,eslint-plugin-tsdoc,markdownlint-cli2,rimraf,rollup,rollup-plugin-cleanup,ts-node,tslib,typedoc,typedoc-plugin-markdown,typescript",""
"C:\Users\tommy\workspace\tee-time-brs\node_modules\parseurl\package.json","parseurl","bench,lint,test,test-cov,test-travis","","beautify-benchmark,benchmark,eslint,eslint-config-standard,eslint-plugin-import,eslint-plugin-node,eslint-plugin-promise,eslint-plugin-standard,fast-url-parser,istanbul,mocha",""
"C:\Users\tommy\workspace\tee-time-brs\node_modules\path-to-regexp\package.json","path-to-regexp","test","","mocha,istanbul",""
"C:\Users\tommy\workspace\tee-time-brs\node_modules\peberminta\package.json","peberminta","build:docs,build:deno,build:rollup,build:types,build,checkAll,clean,cover,example:bf1,example:bf2,example:calc,example:csv,example:hexColor,example:json,example:nonDec,lint:eslint,lint:md,lint,prepublishOnly,test:ava,test:tsc,test,ts","","@rollup/plugin-typescript,@tsconfig/node14,@types/node,@typescript-eslint/eslint-plugin,@typescript-eslint/parser,ava,c8,concurrently,denoify,eslint,eslint-plugin-jsonc,eslint-plugin-tsdoc,expect-type,leac,markdownlint-cli2,rimraf,rollup,rollup-plugin-cleanup,ts-node,tslib,typedoc,typescript",""
"C:\Users\tommy\workspace\tee-time-brs\node_modules\picomatch\package.json","picomatch","lint,mocha,test,test:ci,test:cover","","eslint,fill-range,gulp-format-md,mocha,nyc,time-require",""
"C:\Users\tommy\workspace\tee-time-brs\node_modules\prettier\package.json","prettier","","","",""
"C:\Users\tommy\workspace\tee-time-brs\node_modules\proxy-addr\package.json","proxy-addr","bench,lint,test,test-ci,test-cov","forwarded,ipaddr.js","benchmark,beautify-benchmark,deep-equal,eslint,eslint-config-standard,eslint-plugin-import,eslint-plugin-markdown,eslint-plugin-node,eslint-plugin-promise,eslint-plugin-standard,mocha,nyc",""
"C:\Users\tommy\workspace\tee-time-brs\node_modules\pstree.remy\package.json","pstree.remy","test,_prepublish","","tap",""
"C:\Users\tommy\workspace\tee-time-brs\node_modules\punycode\package.json","punycode","test,build","","codecov,nyc,mocha",""
"C:\Users\tommy\workspace\tee-time-brs\node_modules\qs\package.json","qs","prepack,prepublishOnly,prepublish,pretest,test,tests-only,posttest,readme,postlint,lint,dist","side-channel","@browserify/envify,@browserify/uglifyify,@ljharb/eslint-config,browserify,bundle-collapser,common-shakeify,eclint,es-value-fixtures,eslint,evalmd,for-each,glob,has-override-mistake,has-property-descriptors,has-symbols,iconv-lite,in-publish,jackspeak,mkdirp,mock-property,module-deps,npmignore,nyc,object-inspect,qs-iconv,safe-publish-latest,safer-buffer,tape,unassertify",""
"C:\Users\tommy\workspace\tee-time-brs\node_modules\range-parser\package.json","range-parser","lint,test,test-cov,test-travis","","deep-equal,eslint,eslint-config-standard,eslint-plugin-markdown,eslint-plugin-import,eslint-plugin-node,eslint-plugin-promise,eslint-plugin-standard,mocha,nyc",""
"C:\Users\tommy\workspace\tee-time-brs\node_modules\raw-body\package.json","raw-body","lint,test,test-ci,test-cov","bytes,http-errors,iconv-lite,unpipe","bluebird,eslint,eslint-config-standard,eslint-plugin-import,eslint-plugin-markdown,eslint-plugin-node,eslint-plugin-promise,eslint-plugin-standard,mocha,nyc,readable-stream,safe-buffer",""
"C:\Users\tommy\workspace\tee-time-brs\node_modules\react\package.json","react","","","",""
"C:\Users\tommy\workspace\tee-time-brs\node_modules\react-dom\package.json","react-dom","","scheduler","",""
"C:\Users\tommy\workspace\tee-time-brs\node_modules\react-promise-suspense\package.json","react-promise-suspense","build,dev,prepublishOnly,test","fast-deep-equal","@types/node,typescript",""
"C:\Users\tommy\workspace\tee-time-brs\node_modules\readdirp\package.json","readdirp","dtslint,nyc,mocha,lint,test","picomatch","@types/node,chai,chai-subset,dtslint,eslint,mocha,nyc,rimraf,typescript",""
"C:\Users\tommy\workspace\tee-time-brs\node_modules\resend\package.json","resend","build,test,test:watch,format:apply,format:check,format,lint,prepublishOnly","@react-email/render","@biomejs/biome,@types/jest,@types/node,@types/react,jest,jest-fetch-mock,ts-jest,ts-node,tsup,typescript",""
"C:\Users\tommy\workspace\tee-time-brs\node_modules\safe-buffer\package.json","safe-buffer","test","","standard,tape",""
"C:\Users\tommy\workspace\tee-time-brs\node_modules\safer-buffer\package.json","safer-buffer","browserify-test,test","","standard,tape",""
"C:\Users\tommy\workspace\tee-time-brs\node_modules\scheduler\package.json","scheduler","","","",""
"C:\Users\tommy\workspace\tee-time-brs\node_modules\selderee\package.json","selderee","build:rollup,build:types,build,clean","parseley","",""
"C:\Users\tommy\workspace\tee-time-brs\node_modules\semver\package.json","semver","test,snap,lint,postlint,lintfix,posttest,template-oss-apply,eslint","","@npmcli/eslint-config,@npmcli/template-oss,benchmark,tap",""
"C:\Users\tommy\workspace\tee-time-brs\node_modules\send\node_modules\encodeurl\package.json","encodeurl","lint,test,test-cov,test-travis","","eslint,eslint-config-standard,eslint-plugin-import,eslint-plugin-node,eslint-plugin-promise,eslint-plugin-standard,istanbul,mocha",""
"C:\Users\tommy\workspace\tee-time-brs\node_modules\send\node_modules\ms\package.json","ms","precommit,lint,test","","eslint,expect.js,husky,lint-staged,mocha,prettier",""
"C:\Users\tommy\workspace\tee-time-brs\node_modules\send\package.json","send","lint,test,test-ci,test-cov","debug,depd,destroy,encodeurl,escape-html,etag,fresh,http-errors,mime,ms,on-finished,range-parser,statuses","after,eslint,eslint-config-standard,eslint-plugin-import,eslint-plugin-markdown,eslint-plugin-node,eslint-plugin-promise,eslint-plugin-standard,mocha,nyc,supertest",""
"C:\Users\tommy\workspace\tee-time-brs\node_modules\serve-static\package.json","serve-static","lint,test,test-ci,test-cov,version","encodeurl,escape-html,parseurl,send","eslint,eslint-config-standard,eslint-plugin-import,eslint-plugin-markdown,eslint-plugin-node,eslint-plugin-promise,eslint-plugin-standard,mocha,nyc,safe-buffer,supertest",""
"C:\Users\tommy\workspace\tee-time-brs\node_modules\setprototypeof\package.json","setprototypeof","test,testallversions,testversion,node010,node4,node6,node9,node11,prepublishOnly,postpublish","","mocha,standard",""
"C:\Users\tommy\workspace\tee-time-brs\node_modules\side-channel\package.json","side-channel","prepack,prepublishOnly,prepublish,prelint,lint,postlint,pretest,tests-only,test,posttest,version,postversion","es-errors,object-inspect,side-channel-list,side-channel-map,side-channel-weakmap","@arethetypeswrong/cli,@ljharb/eslint-config,@ljharb/tsconfig,@types/object-inspect,@types/tape,auto-changelog,eclint,encoding,eslint,in-publish,npmignore,nyc,safe-publish-latest,tape,typescript",""
"C:\Users\tommy\workspace\tee-time-brs\node_modules\side-channel-list\package.json","side-channel-list","prepack,prepublishOnly,prepublish,prelint,lint,postlint,pretest,tests-only,test,posttest,version,postversion","es-errors,object-inspect","@arethetypeswrong/cli,@ljharb/eslint-config,@ljharb/tsconfig,@types/object-inspect,@types/tape,auto-changelog,eclint,encoding,eslint,evalmd,in-publish,npmignore,nyc,safe-publish-latest,tape,typescript",""
"C:\Users\tommy\workspace\tee-time-brs\node_modules\side-channel-map\package.json","side-channel-map","prepack,prepublishOnly,prepublish,prelint,lint,postlint,pretest,tests-only,test,posttest,version,postversion","call-bound,es-errors,get-intrinsic,object-inspect","@arethetypeswrong/cli,@ljharb/eslint-config,@ljharb/tsconfig,@types/get-intrinsic,@types/object-inspect,@types/tape,auto-changelog,eclint,encoding,eslint,evalmd,in-publish,npmignore,nyc,safe-publish-latest,tape,typescript",""
"C:\Users\tommy\workspace\tee-time-brs\node_modules\side-channel-weakmap\package.json","side-channel-weakmap","prepack,prepublishOnly,prepublish,prelint,lint,postlint,pretest,tests-only,test,posttest,version,postversion","call-bound,es-errors,get-intrinsic,object-inspect,side-channel-map","@arethetypeswrong/cli,@ljharb/eslint-config,@ljharb/tsconfig,@types/call-bind,@types/get-intrinsic,@types/object-inspect,@types/tape,auto-changelog,eclint,encoding,eslint,in-publish,npmignore,nyc,safe-publish-latest,tape,typescript",""
"C:\Users\tommy\workspace\tee-time-brs\node_modules\sift\package.json","sift","clean,prebuild,build,build:types,test,test:spec,test:types,prepublishOnly","","@rollup/plugin-replace,@rollup/plugin-typescript,@types/node,bson,eval,husky,mocha,mongodb,prettier,pretty-quick,rimraf,rollup,@rollup/plugin-terser,tslib,typescript",""
"C:\Users\tommy\workspace\tee-time-brs\node_modules\simple-update-notifier\package.json","simple-update-notifier","test,build,prettier:check,prettier,eslint,lint,prepare,release","semver","@babel/preset-env,@babel/preset-typescript,@release-it/conventional-changelog,@types/jest,@types/node,@typescript-eslint/eslint-plugin,@typescript-eslint/parser,eslint,eslint-config-prettier,eslint-plugin-prettier,jest,prettier,release-it,rollup,rollup-plugin-ts,typescript",""
"C:\Users\tommy\workspace\tee-time-brs\node_modules\sparse-bitfield\package.json","sparse-bitfield","test","memory-pager","buffer-alloc,standard,tape",""
"C:\Users\tommy\workspace\tee-time-brs\node_modules\statuses\package.json","statuses","build,fetch,lint,test,test-ci,test-cov,update,version","","csv-parse,eslint,eslint-config-standard,eslint-plugin-import,eslint-plugin-markdown,eslint-plugin-node,eslint-plugin-promise,eslint-plugin-standard,mocha,nyc,raw-body,stream-to-array",""
"C:\Users\tommy\workspace\tee-time-brs\node_modules\supports-color\package.json","supports-color","test","has-flag","ava,import-fresh,xo",""
"C:\Users\tommy\workspace\tee-time-brs\node_modules\toidentifier\package.json","toidentifier","lint,test,test-ci,test-cov,version","","eslint,eslint-config-standard,eslint-plugin-import,eslint-plugin-markdown,eslint-plugin-node,eslint-plugin-promise,eslint-plugin-standard,mocha,nyc",""
"C:\Users\tommy\workspace\tee-time-brs\node_modules\to-regex-range\package.json","to-regex-range","test","is-number","fill-range,gulp-format-md,mocha,text-table,time-diff",""
"C:\Users\tommy\workspace\tee-time-brs\node_modules\touch\package.json","touch","test,preversion,postversion,postpublish","","mutate-fs,tap",""
"C:\Users\tommy\workspace\tee-time-brs\node_modules\tr46\package.json","tr46","test,lint,pretest,prepublish","punycode","@domenic/eslint-config,@unicode/unicode-16.0.0,eslint,globals,regenerate",""
"C:\Users\tommy\workspace\tee-time-brs\node_modules\type-is\package.json","type-is","lint,test,test-cov,test-travis","media-typer,mime-types","eslint,eslint-config-standard,eslint-plugin-import,eslint-plugin-markdown,eslint-plugin-node,eslint-plugin-promise,eslint-plugin-standard,mocha,nyc",""
"C:\Users\tommy\workspace\tee-time-brs\node_modules\undefsafe\package.json","undefsafe","test,cover,semantic-release","","semantic-release,tap,tap-only",""
"C:\Users\tommy\workspace\tee-time-brs\node_modules\unpipe\package.json","unpipe","test,test-cov,test-travis","","istanbul,mocha,readable-stream",""
"C:\Users\tommy\workspace\tee-time-brs\node_modules\utils-merge\package.json","utils-merge","test","","make-node,mocha,chai",""
"C:\Users\tommy\workspace\tee-time-brs\node_modules\vary\package.json","vary","bench,lint,test,test-cov,test-travis","","beautify-benchmark,benchmark,eslint,eslint-config-standard,eslint-plugin-import,eslint-plugin-markdown,eslint-plugin-node,eslint-plugin-promise,eslint-plugin-standard,istanbul,mocha,supertest",""
"C:\Users\tommy\workspace\tee-time-brs\node_modules\webidl-conversions\package.json","webidl-conversions","lint,test,test-no-sab,coverage","","@domenic/eslint-config,eslint,mocha,nyc",""
"C:\Users\tommy\workspace\tee-time-brs\node_modules\whatwg-url\package.json","whatwg-url","coverage,lint,prepare,pretest,build-live-viewer,test,bench","tr46,webidl-conversions","@domenic/eslint-config,benchmark,c8,esbuild,eslint,globals,webidl2js",""
"C:\Users\tommy\workspace\tee-time-brs\package.json","tee-time","dev,start,migrate:v1toV2,normalize,backfill:titles","cors,dotenv,express,express-rate-limit,mongoose,nodemaster,resend","nodemon","express"
